ServiceName|Heading|ShortNote|Description|categories
cardiologist4|heart specialist4|General4|A heart specialist  commonly known as a cardiologist..|ECG4
neurologist|nervous specialist|General|A nervous specialist typically refers to a medical professional who specializes in the nervous system|neurosurgeon
Dental Services|Dental Services|General|A dentist is a licensed healthcare professional who specializes in the prevention diagnosis, and treatment of oral health issues|root canal treatment
ophthalmologist|Eye Treatment|General|osteopathic doctor who specializes in eye and vision care|Eye Care
dermatologist|Skin Care|General|A dermatologist is a medical doctor who specializes in the diagnosis, treatment, and prevention of conditions related to the skin, hair, nails, and mucous membranes.|Skin Care
cardiologist2|heart specialist|General2| heart specialist  commonly known as a cardiologist|ECG2
neurologist2|nervous specialist2|General2| nervous specialist typically refers to a medical professional who specializes in the nervous system|neurosurgeon2
Dental Services2|Dental Services|General2| dentist is a licensed healthcare professional who specializes in the prevention diagnosis, and treatment of oral health issues|root canal treatment2
ophthalmologist2|Eye Treatment2|General2|osteopathic doctor who specializes in eye and vision care.|Eye Care2
dermatologist2|Skin Care2|General2|dermatologist is a medical doctor who specializes in the diagnosis, treatment, and prevention of conditions related to the skin, hair, nails, and mucous membranes.|Skin Care2
