qlty30,password30
qlty31,password31
qlty32,password32
qlty33,password33
qlty34,password34
qlty35,password35
qlty36,password36
qlty37,password37
qlty38,password38
qlty39,password39
qlty40,password40
qlty41,password41
qlty42,password42
qlty43,password43
qlty44,password44
qlty45,password45
qlty46,password46
qlty47,password47
qlty48,password48
qlty49,password49
qlty50,password50
qlty51,password51
qlty52,password52
qlty53,password53
qlty54,password54
qlty55,password55
qlty56,password56
qlty57,password57
qlty58,password58
qlty59,password59
qlty60,password60
qlty61,password61
qlty62,password62
qlty63,password63
qlty64,password64
qlty65,password65
qlty66,password66
qlty67,password67
qlty68,password68
qlty69,password69
qlty70,password70
qlty71,password71
qlty72,password72
qlty73,password73
qlty74,password74
qlty75,password75
qlty76,password76
qlty77,password77
qlty78,password78
qlty79,password79
qlty80,password80
qlty81,password81
qlty82,password82
qlty83,password83
qlty84,password84
qlty85,password85
qlty86,password86
qlty87,password87
qlty88,password88
qlty89,password89
qlty90,password90
qlty91,password91
qlty92,password92
qlty93,password93
qlty94,password94
qlty95,password95
qlty96,password96
qlty97,password97
qlty98,password98
qlty99,password99
qlty100,password100
qlty101,password101
qlty102,password102
qlty103,password103
qlty104,password104
qlty105,password105
qlty106,password106
qlty107,password107
qlty108,password108
qlty109,password109
qlty110,password110
qlty111,password111
qlty112,password112
qlty113,password113
qlty114,password114
qlty115,password115
qlty116,password116
qlty117,password117
qlty118,password118
qlty119,password119
qlty120,password120
qlty121,password121
qlty122,password122
qlty123,password123
qlty124,password124
qlty125,password125
qlty126,password126
qlty127,password127
qlty128,password128
qlty129,password129
qlty130,password130
qlty131,password131
qlty132,password132
qlty133,password133
qlty134,password134
qlty135,password135
qlty136,password136
qlty137,password137
qlty138,password138
qlty139,password139
qlty140,password140
qlty141,password141
qlty142,password142
qlty143,password143
qlty144,password144
qlty145,password145
qlty146,password146
qlty147,password147
qlty148,password148
qlty149,password149
qlty150,password150
qlty151,password151
qlty152,password152
qlty153,password153
qlty154,password154
qlty155,password155
qlty156,password156
qlty157,password157
qlty158,password158
qlty159,password159
qlty160,password160
qlty161,password161
qlty162,password162
qlty163,password163
qlty164,password164
qlty165,password165
qlty166,password166
qlty167,password167
qlty168,password168
qlty169,password169
qlty170,password170
qlty171,password171
qlty172,password172
qlty173,password173
qlty174,password174
qlty175,password175
qlty176,password176
qlty177,password177
qlty178,password178
qlty179,password179
qlty180,password180
qlty181,password181
qlty182,password182
qlty183,password183
qlty184,password184
qlty185,password185
qlty186,password186
qlty187,password187
qlty188,password188
qlty189,password189
qlty190,password190
qlty191,password191
qlty192,password192
qlty193,password193
qlty194,password194
qlty195,password195
qlty196,password196
qlty197,password197
qlty198,password198
qlty199,password199
qlty200,password200
qlty201,password201
qlty202,password202
qlty203,password203
qlty204,password204
qlty205,password205
qlty206,password206
qlty207,password207
qlty208,password208
qlty209,password209
qlty210,password210
qlty211,password211
qlty212,password212
qlty213,password213
qlty214,password214
qlty215,password215
qlty216,password216
qlty217,password217
qlty218,password218
qlty219,password219
qlty220,password220
qlty221,password221
qlty222,password222
qlty223,password223
qlty224,password224
qlty225,password225
qlty226,password226
qlty227,password227
qlty228,password228
qlty229,password229
qlty230,password230
qlty231,password231
qlty232,password232
qlty233,password233
qlty234,password234
qlty235,password235
qlty236,password236
qlty237,password237
qlty238,password238
qlty239,password239
qlty240,password240
qlty241,password241
qlty242,password242
qlty243,password243
qlty244,password244
qlty245,password245
qlty246,password246
qlty247,password247
qlty248,password248
qlty249,password249
qlty250,password250
qlty251,password251
qlty252,password252
qlty253,password253
qlty254,password254
qlty255,password255
qlty256,password256
qlty257,password257
qlty258,password258
qlty259,password259
qlty260,password260
qlty261,password261
qlty262,password262
qlty263,password263
qlty264,password264
qlty265,password265
qlty266,password266
qlty267,password267
qlty268,password268
qlty269,password269
qlty270,password270
qlty271,password271
qlty272,password272
qlty273,password273
qlty274,password274
qlty275,password275
qlty276,password276
qlty277,password277
qlty278,password278
qlty279,password279
qlty280,password280
qlty281,password281
qlty282,password282
qlty283,password283
qlty284,password284
qlty285,password285
qlty286,password286
qlty287,password287
qlty288,password288
qlty289,password289
qlty290,password290
qlty291,password291
qlty292,password292
qlty293,password293
qlty294,password294
qlty295,password295
qlty296,password296
qlty297,password297
qlty298,password298
qlty299,password299
qlty300,password300
qlty301,password301
qlty302,password302
qlty303,password303
qlty304,password304
qlty305,password305
qlty306,password306
qlty307,password307
qlty308,password308
qlty309,password309
qlty310,password310
qlty311,password311
qlty312,password312
qlty313,password313
qlty314,password314
qlty315,password315
qlty316,password316
qlty317,password317
qlty318,password318
qlty319,password319
qlty320,password320
qlty321,password321
qlty322,password322
qlty323,password323
qlty324,password324
qlty325,password325
qlty326,password326
qlty327,password327
qlty328,password328
qlty329,password329
qlty330,password330
qlty331,password331
qlty332,password332
qlty333,password333
qlty334,password334
qlty335,password335
qlty336,password336
qlty337,password337
qlty338,password338
qlty339,password339
qlty340,password340
qlty341,password341
qlty342,password342
qlty343,password343
qlty344,password344
qlty345,password345
qlty346,password346
qlty347,password347
qlty348,password348
qlty349,password349
qlty350,password350
qlty351,password351
qlty352,password352
qlty353,password353
qlty354,password354
qlty355,password355
qlty356,password356
qlty357,password357
qlty358,password358
qlty359,password359
qlty360,password360
qlty361,password361
qlty362,password362
qlty363,password363
qlty364,password364
qlty365,password365
qlty366,password366
qlty367,password367
qlty368,password368
qlty369,password369
qlty370,password370
qlty371,password371
qlty372,password372
qlty373,password373
qlty374,password374
qlty375,password375
qlty376,password376
qlty377,password377
qlty378,password378
qlty379,password379
qlty380,password380
qlty381,password381
qlty382,password382
qlty383,password383
qlty384,password384
qlty385,password385
qlty386,password386
qlty387,password387
qlty388,password388
qlty389,password389
qlty390,password390
qlty391,password391
qlty392,password392
qlty393,password393
qlty394,password394
qlty395,password395
qlty396,password396
qlty397,password397
qlty398,password398
qlty399,password399
qlty400,password400
qlty401,password401
qlty402,password402
qlty403,password403
qlty404,password404
qlty405,password405
qlty406,password406
qlty407,password407
qlty408,password408
qlty409,password409
qlty410,password410
qlty411,password411
qlty412,password412
qlty413,password413
qlty414,password414
qlty415,password415
qlty416,password416
qlty417,password417
qlty418,password418
qlty419,password419
qlty420,password420
qlty421,password421
qlty422,password422
qlty423,password423
qlty424,password424
qlty425,password425
qlty426,password426
qlty427,password427
qlty428,password428
qlty429,password429
qlty430,password430
qlty431,password431
qlty432,password432
qlty433,password433
qlty434,password434
qlty435,password435
qlty436,password436
qlty437,password437
qlty438,password438
qlty439,password439
qlty440,password440
qlty441,password441
qlty442,password442
qlty443,password443
qlty444,password444
qlty445,password445
qlty446,password446
qlty447,password447
qlty448,password448
qlty449,password449
qlty450,password450
qlty451,password451
qlty452,password452
qlty453,password453
qlty454,password454
qlty455,password455
qlty456,password456
qlty457,password457
qlty458,password458
qlty459,password459
qlty460,password460
qlty461,password461
qlty462,password462
qlty463,password463
qlty464,password464
qlty465,password465
qlty466,password466
qlty467,password467
qlty468,password468
qlty469,password469
qlty470,password470
qlty471,password471
qlty472,password472
qlty473,password473
qlty474,password474
qlty475,password475
qlty476,password476
qlty477,password477
qlty478,password478
qlty479,password479
qlty480,password480
qlty481,password481
qlty482,password482
qlty483,password483
qlty484,password484
qlty485,password485
qlty486,password486
qlty487,password487
qlty488,password488
qlty489,password489
qlty490,password490
qlty491,password491
qlty492,password492
qlty493,password493
qlty494,password494
qlty495,password495
qlty496,password496
qlty497,password497
qlty498,password498
qlty499,password499
qlty500,password500
qlty501,password501
qlty502,password502
qlty503,password503
qlty504,password504
qlty505,password505
qlty506,password506
qlty507,password507
qlty508,password508
qlty509,password509
qlty510,password510
qlty511,password511
qlty512,password512
qlty513,password513
qlty514,password514
qlty515,password515
qlty516,password516
qlty517,password517
qlty518,password518
qlty519,password519
qlty520,password520
qlty521,password521
qlty522,password522
qlty523,password523
qlty524,password524
qlty525,password525
qlty526,password526
qlty527,password527
qlty528,password528
qlty529,password529
qlty530,password530
qlty531,password531
qlty532,password532
qlty533,password533
qlty534,password534
qlty535,password535
qlty536,password536
qlty537,password537
qlty538,password538
qlty539,password539
qlty540,password540
qlty541,password541
qlty542,password542
qlty543,password543
qlty544,password544
qlty545,password545
qlty546,password546
qlty547,password547
qlty548,password548
qlty549,password549
qlty550,password550
qlty551,password551
qlty552,password552
qlty553,password553
qlty554,password554
qlty555,password555
qlty556,password556
qlty557,password557
qlty558,password558
qlty559,password559
qlty560,password560
qlty561,password561
qlty562,password562
qlty563,password563
qlty564,password564
qlty565,password565
qlty566,password566
qlty567,password567
qlty568,password568
qlty569,password569
qlty570,password570
qlty571,password571
qlty572,password572
qlty573,password573
qlty574,password574
qlty575,password575
qlty576,password576
qlty577,password577
qlty578,password578
qlty579,password579
qlty580,password580
qlty581,password581
qlty582,password582
qlty583,password583
qlty584,password584
qlty585,password585
qlty586,password586
qlty587,password587
qlty588,password588
qlty589,password589
qlty590,password590
qlty591,password591
qlty592,password592
qlty593,password593
qlty594,password594
qlty595,password595
qlty596,password596
qlty597,password597
qlty598,password598
qlty599,password599
qlty600,password600
qlty601,password601
qlty602,password602
qlty603,password603
qlty604,password604
qlty605,password605
qlty606,password606
qlty607,password607
qlty608,password608
qlty609,password609
qlty610,password610
qlty611,password611
qlty612,password612
qlty613,password613
qlty614,password614
qlty615,password615
qlty616,password616
qlty617,password617
qlty618,password618
qlty619,password619
qlty620,password620
qlty621,password621
qlty622,password622
qlty623,password623
qlty624,password624
qlty625,password625
qlty626,password626
qlty627,password627
qlty628,password628
qlty629,password629
qlty630,password630
qlty631,password631
qlty632,password632
qlty633,password633
qlty634,password634
qlty635,password635
qlty636,password636
qlty637,password637
qlty638,password638
qlty639,password639
qlty640,password640
qlty641,password641
qlty642,password642
qlty643,password643
qlty644,password644
qlty645,password645
qlty646,password646
qlty647,password647
qlty648,password648
qlty649,password649
qlty650,password650
qlty651,password651
qlty652,password652
qlty653,password653
qlty654,password654
qlty655,password655
qlty656,password656
qlty657,password657
qlty658,password658
qlty659,password659
qlty660,password660
qlty661,password661
qlty662,password662
qlty663,password663
qlty664,password664
qlty665,password665
qlty666,password666
qlty667,password667
qlty668,password668
qlty669,password669
qlty670,password670
qlty671,password671
qlty672,password672
qlty673,password673
qlty674,password674
qlty675,password675
qlty676,password676
qlty677,password677
qlty678,password678
qlty679,password679
qlty680,password680
qlty681,password681
qlty682,password682
qlty683,password683
qlty684,password684
qlty685,password685
qlty686,password686
qlty687,password687
qlty688,password688
qlty689,password689
qlty690,password690
qlty691,password691
qlty692,password692
qlty693,password693
qlty694,password694
qlty695,password695
qlty696,password696
qlty697,password697
qlty698,password698
qlty699,password699
qlty700,password700
qlty701,password701
qlty702,password702
qlty703,password703
qlty704,password704
qlty705,password705
qlty706,password706
qlty707,password707
qlty708,password708
qlty709,password709
qlty710,password710
qlty711,password711
qlty712,password712
qlty713,password713
qlty714,password714
qlty715,password715
qlty716,password716
qlty717,password717
qlty718,password718
qlty719,password719
qlty720,password720
qlty721,password721
qlty722,password722
qlty723,password723
qlty724,password724
qlty725,password725
qlty726,password726
qlty727,password727
qlty728,password728
qlty729,password729
qlty730,password730
qlty731,password731
qlty732,password732
qlty733,password733
qlty734,password734
qlty735,password735
qlty736,password736
qlty737,password737
qlty738,password738
qlty739,password739
qlty740,password740
qlty741,password741
qlty742,password742
qlty743,password743
qlty744,password744
qlty745,password745
qlty746,password746
qlty747,password747
qlty748,password748
qlty749,password749
qlty750,password750
qlty751,password751
qlty752,password752
qlty753,password753
qlty754,password754
qlty755,password755
qlty756,password756
qlty757,password757
qlty758,password758
qlty759,password759
qlty760,password760
qlty761,password761
qlty762,password762
qlty763,password763
qlty764,password764
qlty765,password765
qlty766,password766
qlty767,password767
qlty768,password768
qlty769,password769
qlty770,password770
qlty771,password771
qlty772,password772
qlty773,password773
qlty774,password774
qlty775,password775
qlty776,password776
qlty777,password777
qlty778,password778
qlty779,password779
qlty780,password780
qlty781,password781
qlty782,password782
qlty783,password783
qlty784,password784
qlty785,password785
qlty786,password786
qlty787,password787
qlty788,password788
qlty789,password789
qlty790,password790
qlty791,password791
qlty792,password792
qlty793,password793
qlty794,password794
qlty795,password795
qlty796,password796
qlty797,password797
qlty798,password798
qlty799,password799
qlty800,password800
qlty801,password801
qlty802,password802
qlty803,password803
qlty804,password804
qlty805,password805
qlty806,password806
qlty807,password807
qlty808,password808
qlty809,password809
qlty810,password810
qlty811,password811
qlty812,password812
qlty813,password813
qlty814,password814
qlty815,password815
qlty816,password816
qlty817,password817
qlty818,password818
qlty819,password819
qlty820,password820
qlty821,password821
qlty822,password822
qlty823,password823
qlty824,password824
qlty825,password825
qlty826,password826
qlty827,password827
qlty828,password828
qlty829,password829
qlty830,password830
qlty831,password831
qlty832,password832
qlty833,password833
qlty834,password834
qlty835,password835
qlty836,password836
qlty837,password837
qlty838,password838
qlty839,password839
qlty840,password840
qlty841,password841
qlty842,password842
qlty843,password843
qlty844,password844
qlty845,password845
qlty846,password846
qlty847,password847
qlty848,password848
qlty849,password849
qlty850,password850
qlty851,password851
qlty852,password852
qlty853,password853
qlty854,password854
qlty855,password855
qlty856,password856
qlty857,password857
qlty858,password858
qlty859,password859
qlty860,password860
qlty861,password861
qlty862,password862
qlty863,password863
qlty864,password864
qlty865,password865
qlty866,password866
qlty867,password867
qlty868,password868
qlty869,password869
qlty870,password870
qlty871,password871
qlty872,password872
qlty873,password873
qlty874,password874
qlty875,password875
qlty876,password876
qlty877,password877
qlty878,password878
qlty879,password879
qlty880,password880
qlty881,password881
qlty882,password882
qlty883,password883
qlty884,password884
qlty885,password885
qlty886,password886
qlty887,password887
qlty888,password888
qlty889,password889
qlty890,password890
qlty891,password891
qlty892,password892
qlty893,password893
qlty894,password894
qlty895,password895
qlty896,password896
qlty897,password897
qlty898,password898
qlty899,password899
qlty900,password900
qlty901,password901
qlty902,password902
qlty903,password903
qlty904,password904
qlty905,password905
qlty906,password906
qlty907,password907
qlty908,password908
qlty909,password909
qlty910,password910
qlty911,password911
qlty912,password912
qlty913,password913
qlty914,password914
qlty915,password915
qlty916,password916
qlty917,password917
qlty918,password918
qlty919,password919
qlty920,password920
qlty921,password921
qlty922,password922
qlty923,password923
qlty924,password924
qlty925,password925
qlty926,password926
qlty927,password927
qlty928,password928
qlty929,password929
qlty930,password930
qlty931,password931
qlty932,password932
qlty933,password933
qlty934,password934
qlty935,password935
qlty936,password936
qlty937,password937
qlty938,password938
qlty939,password939
qlty940,password940
qlty941,password941
qlty942,password942
qlty943,password943
qlty944,password944
qlty945,password945
qlty946,password946
qlty947,password947
qlty948,password948
qlty949,password949
qlty950,password950
qlty951,password951
qlty952,password952
qlty953,password953
qlty954,password954
qlty955,password955
qlty956,password956
qlty957,password957
qlty958,password958
qlty959,password959
qlty960,password960
qlty961,password961
qlty962,password962
qlty963,password963
qlty964,password964
qlty965,password965
qlty966,password966
qlty967,password967
qlty968,password968
qlty969,password969
qlty970,password970
qlty971,password971
qlty972,password972
qlty973,password973
qlty974,password974
qlty975,password975
qlty976,password976
qlty977,password977
qlty978,password978
qlty979,password979
qlty980,password980
qlty981,password981
qlty982,password982
qlty983,password983
qlty984,password984
qlty985,password985
qlty986,password986
qlty987,password987
qlty988,password988
qlty989,password989
qlty990,password990
qlty991,password991
qlty992,password992
qlty993,password993
qlty994,password994
qlty995,password995
qlty996,password996
qlty997,password997
qlty998,password998
qlty999,password999
qlty1000,password1000
