timeStamp,elapsed,label,responseCode,responseMessage,threadName,success,failureMessage,bytes,grpThreads,allThreads,Latency,SampleCount,ErrorCount,Hostname
1703597583355,1630,CrownUserReg_T01_Homepage,200,"Number of samples in transaction : 2, number of failing samples : 0",UserRegistration 1-1,true,,9239,1,1,0,1,0,CIN_Varaprasad
1703597589015,213,CrownUserReg_T02_ClickOnLogin/User,200,"Number of samples in transaction : 1, number of failing samples : 0",UserRegistration 1-1,true,,6352,1,1,0,1,0,CIN_Varaprasad
1703597593260,1492,CrownUserReg_T03_FillDetailsClickRequestOTP,200,"Number of samples in transaction : 2, number of failing samples : 0",UserRegistration 1-1,true,,810,1,1,0,1,0,CIN_Varaprasad
1703597598848,1525,CrownUserReg_T04_EnterOTP&ClickVerify,200,"Number of samples in transaction : 2, number of failing samples : 0",UserRegistration 1-1,true,,843,1,1,0,1,0,CIN_Varaprasad
1703597604421,666,CrownUserReg_T05_ClickOnLogin,200,"Number of samples in transaction : 3, number of failing samples : 0",UserRegistration 1-1,true,,10406,1,1,0,1,0,CIN_Varaprasad
1703597609151,1076,CrownUserReg_T06_EnterMail&RequestOTP,200,"Number of samples in transaction : 1, number of failing samples : 0",UserRegistration 1-1,true,,517,1,1,0,1,0,CIN_Varaprasad
1703597614245,685,CrownUserReg_T07_EnterOTP&ClickVerify,200,"Number of samples in transaction : 3, number of failing samples : 0",UserRegistration 1-1,true,,7437,1,1,0,1,0,CIN_Varaprasad
1703597618989,438,CrownUserReg_T08_ClickOnMyProfile,200,"Number of samples in transaction : 2, number of failing samples : 0",UserRegistration 1-1,true,,954,1,1,0,1,0,CIN_Varaprasad
1703597623536,233,CrownUserReg_T09_LogOff,200,"Number of samples in transaction : 1, number of failing samples : 0",UserRegistration 1-1,true,,37513,1,1,0,1,0,CIN_Varaprasad
1703597627826,1,Debug Sampler,200,OK,UserRegistration 1-1,true,,459,1,1,0,1,0,CIN_Varaprasad
