Mail_Id,SlotDate
dfbdff7@mailinator.com,2024-03-02
deeeeb3@mailinator.com,2024-03-02
bfdabc2@mailinator.com,2024-03-02
aaaaea3@mailinator.com,2024-03-02
fcbdge3@mailinator.com,2024-03-02
aggafe6@mailinator.com,2024-03-02
egbagg5@mailinator.com,2024-03-02
dadbca2@mailinator.com,2024-03-02
adfece8@mailinator.com,2024-03-02
fefbdd9@mailinator.com,2024-03-02
aecede9@mailinator.com,2024-03-04
edfgcf3@mailinator.com,2024-03-04
bfgbba6@mailinator.com,2024-03-04
gfdebg4@mailinator.com,2024-03-04
gaegbc1@mailinator.com,2024-03-04
edcfga7@mailinator.com,2024-03-04
fcbgdb2@mailinator.com,2024-03-04
bdcafa6@mailinator.com,2024-03-04
fgfgdd7@mailinator.com,2024-03-04
afcbca4@mailinator.com,2024-03-04
adabda6@mailinator.com,2024-03-05
eecfdg4@mailinator.com,2024-03-05
adgace7@mailinator.com,2024-03-05
cdbfge2@mailinator.com,2024-03-05
fdedgg1@mailinator.com,2024-03-05
cffgef6@mailinator.com,2024-03-05
aagfac9@mailinator.com,2024-03-05
fagdge2@mailinator.com,2024-03-05
cgfdbb8@mailinator.com,2024-03-05
bcdegb6@mailinator.com,2024-03-05
dabege9@mailinator.com,2024-03-06
afeffa7@mailinator.com,2024-03-06
cbgaef2@mailinator.com,2024-03-06
bdadbd7@mailinator.com,2024-03-06
cbgfgd1@mailinator.com,2024-03-06
afedad9@mailinator.com,2024-03-06
fdcadg1@mailinator.com,2024-03-06
begdaa9@mailinator.com,2024-03-06
bbgdfb6@mailinator.com,2024-03-06
bfgefa2@mailinator.com,2024-03-06
dcgeec2@mailinator.com,2024-03-07
agcgbe7@mailinator.com,2024-03-07
dddceb2@mailinator.com,2024-03-07
fbebgd5@mailinator.com,2024-03-07
cfggac9@mailinator.com,2024-03-07
ebeaca3@mailinator.com,2024-03-07
fbggca9@mailinator.com,2024-03-07
geegbf9@mailinator.com,2024-03-07
fgffff4@mailinator.com,2024-03-07
eebgbc7@mailinator.com,2024-03-07
dfbdff7@mailinator.com,2024-03-08
deeeeb3@mailinator.com,2024-03-08
bfdabc2@mailinator.com,2024-03-08
aaaaea3@mailinator.com,2024-03-08
fcbdge3@mailinator.com,2024-03-08
aggafe6@mailinator.com,2024-03-08
egbagg5@mailinator.com,2024-03-08
dadbca2@mailinator.com,2024-03-08
adfece8@mailinator.com,2024-03-08
fefbdd9@mailinator.com,2024-03-08
aecede9@mailinator.com,2024-03-09
edfgcf3@mailinator.com,2024-03-09
bfgbba6@mailinator.com,2024-03-09
gfdebg4@mailinator.com,2024-03-09
gaegbc1@mailinator.com,2024-03-09
edcfga7@mailinator.com,2024-03-09
fcbgdb2@mailinator.com,2024-03-09
bdcafa6@mailinator.com,2024-03-09
fgfgdd7@mailinator.com,2024-03-09
afcbca4@mailinator.com,2024-03-09
adabda6@mailinator.com,2024-03-11
eecfdg4@mailinator.com,2024-03-11
adgace7@mailinator.com,2024-03-11
cdbfge2@mailinator.com,2024-03-11
fdedgg1@mailinator.com,2024-03-11
cffgef6@mailinator.com,2024-03-11
aagfac9@mailinator.com,2024-03-11
fagdge2@mailinator.com,2024-03-11
cgfdbb8@mailinator.com,2024-03-11
bcdegb6@mailinator.com,2024-03-11
dabege9@mailinator.com,2024-03-12
afeffa7@mailinator.com,2024-03-12
cbgaef2@mailinator.com,2024-03-12
bdadbd7@mailinator.com,2024-03-12
cbgfgd1@mailinator.com,2024-03-12
afedad9@mailinator.com,2024-03-12
fdcadg1@mailinator.com,2024-03-12
begdaa9@mailinator.com,2024-03-12
bbgdfb6@mailinator.com,2024-03-12
bfgefa2@mailinator.com,2024-03-12
dcgeec2@mailinator.com,2024-03-13
agcgbe7@mailinator.com,2024-03-13
dddceb2@mailinator.com,2024-03-13
fbebgd5@mailinator.com,2024-03-13
cfggac9@mailinator.com,2024-03-13
ebeaca3@mailinator.com,2024-03-13
fbggca9@mailinator.com,2024-03-13
geegbf9@mailinator.com,2024-03-13
fgffff4@mailinator.com,2024-03-13
eebgbc7@mailinator.com,2024-03-13
dfbdff7@mailinator.com,2024-03-14
deeeeb3@mailinator.com,2024-03-14
bfdabc2@mailinator.com,2024-03-14
aaaaea3@mailinator.com,2024-03-14
fcbdge3@mailinator.com,2024-03-14
aggafe6@mailinator.com,2024-03-14
egbagg5@mailinator.com,2024-03-14
dadbca2@mailinator.com,2024-03-14
adfece8@mailinator.com,2024-03-14
fefbdd9@mailinator.com,2024-03-14
