CrownLDTest7@mailinator.com,2024-05-01
CrownLDTest8@mailinator.com,2024-05-01
CrownLDTest9@mailinator.com,2024-05-01
CrownLDTest10@mailinator.com,2024-05-01
CrownLDTest11@mailinator.com,2024-05-02
CrownLDTest12@mailinator.com,2024-05-02
CrownLDTest13@mailinator.com,2024-05-02
CrownLDTest14@mailinator.com,2024-05-02
CrownLDTest15@mailinator.com,2024-05-02
CrownLDTest16@mailinator.com,2024-05-02
CrownLDTest17@mailinator.com,2024-05-02
CrownLDTest18@mailinator.com,2024-05-02
CrownLDTest19@mailinator.com,2024-05-02
CrownLDTest20@mailinator.com,2024-05-02
CrownLDTest21@mailinator.com,2024-05-03
CrownLDTest22@mailinator.com,2024-05-03
CrownLDTest23@mailinator.com,2024-05-03
CrownLDTest24@mailinator.com,2024-05-03
CrownLDTest25@mailinator.com,2024-05-03
CrownLDTest26@mailinator.com,2024-05-03
CrownLDTest27@mailinator.com,2024-05-03
CrownLDTest28@mailinator.com,2024-05-03
CrownLDTest29@mailinator.com,2024-05-03
CrownLDTest30@mailinator.com,2024-05-03
CrownLDTest31@mailinator.com,2024-05-04
CrownLDTest32@mailinator.com,2024-05-04
CrownLDTest33@mailinator.com,2024-05-04
CrownLDTest34@mailinator.com,2024-05-04
CrownLDTest35@mailinator.com,2024-05-04
CrownLDTest36@mailinator.com,2024-05-04
CrownLDTest37@mailinator.com,2024-05-04
CrownLDTest38@mailinator.com,2024-05-04
CrownLDTest39@mailinator.com,2024-05-04
CrownLDTest40@mailinator.com,2024-05-04
CrownLDTest41@mailinator.com,2024-05-06
CrownLDTest42@mailinator.com,2024-05-06
CrownLDTest43@mailinator.com,2024-05-06
CrownLDTest44@mailinator.com,2024-05-06
CrownLDTest45@mailinator.com,2024-05-06
CrownLDTest46@mailinator.com,2024-05-06
CrownLDTest47@mailinator.com,2024-05-06
CrownLDTest48@mailinator.com,2024-05-06
CrownLDTest49@mailinator.com,2024-05-06
CrownLDTest50@mailinator.com,2024-05-06
CrownLDTest51@mailinator.com,2024-05-07
CrownLDTest52@mailinator.com,2024-05-07
CrownLDTest53@mailinator.com,2024-05-07
CrownLDTest54@mailinator.com,2024-05-07
CrownLDTest55@mailinator.com,2024-05-07
CrownLDTest56@mailinator.com,2024-05-07
CrownLDTest57@mailinator.com,2024-05-07
CrownLDTest58@mailinator.com,2024-05-07
CrownLDTest59@mailinator.com,2024-05-07
CrownLDTest60@mailinator.com,2024-05-07
CrownLDTest61@mailinator.com,2024-05-08
CrownLDTest62@mailinator.com,2024-05-08
CrownLDTest63@mailinator.com,2024-05-08
CrownLDTest64@mailinator.com,2024-05-08
CrownLDTest65@mailinator.com,2024-05-08
CrownLDTest66@mailinator.com,2024-05-08
CrownLDTest67@mailinator.com,2024-05-08
CrownLDTest68@mailinator.com,2024-05-08
CrownLDTest69@mailinator.com,2024-05-08
CrownLDTest70@mailinator.com,2024-05-08
CrownLDTest71@mailinator.com,2024-05-09
CrownLDTest72@mailinator.com,2024-05-09
CrownLDTest73@mailinator.com,2024-05-09
CrownLDTest74@mailinator.com,2024-05-09
CrownLDTest75@mailinator.com,2024-05-09
CrownLDTest76@mailinator.com,2024-05-09
CrownLDTest77@mailinator.com,2024-05-09
CrownLDTest78@mailinator.com,2024-05-09
CrownLDTest79@mailinator.com,2024-05-09
CrownLDTest80@mailinator.com,2024-05-09
CrownLDTest81@mailinator.com,2024-05-10
CrownLDTest82@mailinator.com,2024-05-10
CrownLDTest83@mailinator.com,2024-05-10
CrownLDTest84@mailinator.com,2024-05-10
CrownLDTest85@mailinator.com,2024-05-10
CrownLDTest86@mailinator.com,2024-05-10
CrownLDTest87@mailinator.com,2024-05-10
CrownLDTest88@mailinator.com,2024-05-10
CrownLDTest89@mailinator.com,2024-05-10
CrownLDTest90@mailinator.com,2024-05-10
CrownLDTest91@mailinator.com,2024-05-12
CrownLDTest92@mailinator.com,2024-05-12
CrownLDTest93@mailinator.com,2024-05-12
CrownLDTest94@mailinator.com,2024-05-12
CrownLDTest95@mailinator.com,2024-05-12
CrownLDTest96@mailinator.com,2024-05-12
CrownLDTest97@mailinator.com,2024-05-12
CrownLDTest98@mailinator.com,2024-05-12
CrownLDTest99@mailinator.com,2024-05-12
CrownLDTest100@mailinator.com,2024-05-12
CrownLDTest101@mailinator.com,2024-04-12
CrownLDTest102@mailinator.com,2024-04-12
CrownLDTest103@mailinator.com,2024-04-12
CrownLDTest104@mailinator.com,2024-04-12
CrownLDTest105@mailinator.com,2024-04-12
CrownLDTest106@mailinator.com,2024-04-12
CrownLDTest107@mailinator.com,2024-04-12
CrownLDTest108@mailinator.com,2024-04-12
CrownLDTest109@mailinator.com,2024-04-12
CrownLDTest110@mailinator.com,2024-04-12
