LoadTest2@mailinator.com,2024-01-02
LoadTest3@mailinator.com,2024-01-02
LoadTest4@mailinator.com,2024-01-02
LoadTest5@mailinator.com,2024-01-02
LoadTest6@mailinator.com,2024-01-02
LoadTest7@mailinator.com,2024-01-02
LoadTest8@mailinator.com,2024-01-02
LoadTest9@mailinator.com,2024-01-02
LoadTest10@mailinator.com,2024-01-02
LoadTest11@mailinator.com,2024-01-02
LoadTest12@mailinator.com,2024-01-02
LoadTest13@mailinator.com,2024-01-02
LoadTest14@mailinator.com,2024-01-02
LoadTest15@mailinator.com,2024-01-02
LoadTest16@mailinator.com,2024-01-02
LoadTest17@mailinator.com,2024-01-02
LoadTest18@mailinator.com,2024-01-02
LoadTest19@mailinator.com,2024-01-02
LoadTest20@mailinator.com,2024-01-02
LoadTest21@mailinator.com,2024-01-03
LoadTest22@mailinator.com,2024-01-03
LoadTest23@mailinator.com,2024-01-03
LoadTest24@mailinator.com,2024-01-03
LoadTest25@mailinator.com,2024-01-03
LoadTest26@mailinator.com,2024-01-03