LoadTest94@mailinator.com,2024-01-06
LoadTest95@mailinator.com,2024-01-06
LoadTest96@mailinator.com,2024-01-06
LoadTest97@mailinator.com,2024-01-06
LoadTest98@mailinator.com,2024-01-06
LoadTest99@mailinator.com,2024-01-06
LoadTest100@mailinator.com,2024-01-06
LoadTest101@mailinator.com,
LoadTest102@mailinator.com,
LoadTest103@mailinator.com,
LoadTest104@mailinator.com,
LoadTest105@mailinator.com,
LoadTest106@mailinator.com,
LoadTest107@mailinator.com,
LoadTest108@mailinator.com,
LoadTest109@mailinator.com,
LoadTest110@mailinator.com,
LoadTest111@mailinator.com,
LoadTest112@mailinator.com,
LoadTest113@mailinator.com,
LoadTest114@mailinator.com,
LoadTest115@mailinator.com,
LoadTest116@mailinator.com,
LoadTest117@mailinator.com,
LoadTest118@mailinator.com,
LoadTest119@mailinator.com,
LoadTest120@mailinator.com,
LoadTest121@mailinator.com,
LoadTest122@mailinator.com,
LoadTest123@mailinator.com,
LoadTest124@mailinator.com,
LoadTest125@mailinator.com,
LoadTest126@mailinator.com,
LoadTest127@mailinator.com,
LoadTest128@mailinator.com,
LoadTest129@mailinator.com,
LoadTest130@mailinator.com,
LoadTest131@mailinator.com,
LoadTest132@mailinator.com,
LoadTest133@mailinator.com,
LoadTest134@mailinator.com,
LoadTest135@mailinator.com,
LoadTest136@mailinator.com,
LoadTest137@mailinator.com,
LoadTest138@mailinator.com,
LoadTest139@mailinator.com,
LoadTest140@mailinator.com,
LoadTest141@mailinator.com,
LoadTest142@mailinator.com,
LoadTest143@mailinator.com,
LoadTest144@mailinator.com,
LoadTest145@mailinator.com,
LoadTest146@mailinator.com,
LoadTest147@mailinator.com,
LoadTest148@mailinator.com,
LoadTest149@mailinator.com,
LoadTest150@mailinator.com,
LoadTest151@mailinator.com,
LoadTest152@mailinator.com,
LoadTest153@mailinator.com,
LoadTest154@mailinator.com,
LoadTest155@mailinator.com,
LoadTest156@mailinator.com,
LoadTest157@mailinator.com,
LoadTest158@mailinator.com,
LoadTest159@mailinator.com,
LoadTest160@mailinator.com,
LoadTest161@mailinator.com,
LoadTest162@mailinator.com,
LoadTest163@mailinator.com,
LoadTest164@mailinator.com,
LoadTest165@mailinator.com,
LoadTest166@mailinator.com,
LoadTest167@mailinator.com,
LoadTest168@mailinator.com,
LoadTest169@mailinator.com,
LoadTest170@mailinator.com,
LoadTest171@mailinator.com,
LoadTest172@mailinator.com,
LoadTest173@mailinator.com,
LoadTest174@mailinator.com,
LoadTest175@mailinator.com,
LoadTest176@mailinator.com,
LoadTest177@mailinator.com,
LoadTest178@mailinator.com,
LoadTest179@mailinator.com,
LoadTest180@mailinator.com,
LoadTest181@mailinator.com,
LoadTest182@mailinator.com,
LoadTest183@mailinator.com,
LoadTest184@mailinator.com,
LoadTest185@mailinator.com,
LoadTest186@mailinator.com,
LoadTest187@mailinator.com,
LoadTest188@mailinator.com,
LoadTest189@mailinator.com,
LoadTest190@mailinator.com,
LoadTest191@mailinator.com,
LoadTest192@mailinator.com,
LoadTest193@mailinator.com,
LoadTest194@mailinator.com,
LoadTest195@mailinator.com,
LoadTest196@mailinator.com,
LoadTest197@mailinator.com,
LoadTest198@mailinator.com,
LoadTest199@mailinator.com,
LoadTest200@mailinator.com,